{"cameraMode":{"drawMode":0,"name":"Shaded","section":"Shading Mode"},"sceneLighting":false,"audioPlay":false,"sceneViewState":{"showFog":true,"showMaterialUpdate":true,"showSkybox":true,"showFlares":true,"showImageEffects":true,"showParticleSystems":true},"in2DMode":false,"pivot":{"x":-11.65999984741211,"y":0.5499999523162842,"z":17.726999282836915},"rotation":{"x":0.2641817033290863,"y":-0.7357881665229797,"z":0.4395688772201538,"w":0.4422703683376312},"size":5.407368183135986,"orthographic":true}