{"cameraMode":{"drawMode":0,"name":"Shaded","section":"Shading Mode"},"sceneLighting":false,"audioPlay":false,"sceneViewState":{"showFog":true,"showMaterialUpdate":true,"showSkybox":true,"showFlares":true,"showImageEffects":true,"showParticleSystems":true},"in2DMode":false,"pivot":{"x":-11.729999542236329,"y":0.6499999761581421,"z":23.01700210571289},"rotation":{"x":0.3355700373649597,"y":-0.49745652079582217,"z":0.2168252170085907,"w":0.7700108289718628},"size":5.529345512390137,"orthographic":true}