{"cameraMode":{"drawMode":0,"name":"Shaded","section":"Shading Mode"},"sceneLighting":false,"audioPlay":false,"sceneViewState":{"showFog":true,"showMaterialUpdate":true,"showSkybox":true,"showFlares":true,"showImageEffects":true,"showParticleSystems":true},"in2DMode":false,"pivot":{"x":-11.65999984741211,"y":0.5499999523162842,"z":17.726999282836915},"rotation":{"x":0.3355700373649597,"y":-0.49745652079582217,"z":0.2168252170085907,"w":0.7700108289718628},"size":5.407368183135986,"orthographic":true}