{"cameraMode":{"drawMode":0,"name":"Shaded","section":"Shading Mode"},"sceneLighting":false,"audioPlay":false,"sceneViewState":{"showFog":true,"showMaterialUpdate":true,"showSkybox":true,"showFlares":true,"showImageEffects":true,"showParticleSystems":true},"in2DMode":false,"pivot":{"x":-11.789999961853028,"y":0.5499999523162842,"z":23.086999893188478},"rotation":{"x":0.4851627051830292,"y":-0.3749811351299286,"z":0.2419678419828415,"w":0.7519693374633789},"size":4.991078853607178,"orthographic":true}