{"cameraMode":{"drawMode":0,"name":"Shaded","section":"Shading Mode"},"sceneLighting":false,"audioPlay":false,"sceneViewState":{"showFog":true,"showMaterialUpdate":true,"showSkybox":true,"showFlares":true,"showImageEffects":true,"showParticleSystems":true},"in2DMode":false,"pivot":{"x":-11.699999809265137,"y":0.5499999523162842,"z":22.966999053955079},"rotation":{"x":-0.002031093928962946,"y":-0.7890679240226746,"z":0.6142972111701965,"w":-0.002596472855657339},"size":4.991078853607178,"orthographic":true}