{"cameraMode":{"drawMode":0,"name":"Shaded","section":"Shading Mode"},"sceneLighting":false,"audioPlay":false,"sceneViewState":{"showFog":true,"showMaterialUpdate":true,"showSkybox":true,"showFlares":true,"showImageEffects":true,"showParticleSystems":true},"in2DMode":false,"pivot":{"x":-11.699999809265137,"y":0.6499999761581421,"z":22.867000579833986},"rotation":{"x":0.3355700373649597,"y":-0.49745652079582217,"z":0.2168252170085907,"w":0.7700108289718628},"size":5.798525810241699,"orthographic":true}