{"cameraMode":{"drawMode":0,"name":"Shaded","section":"Shading Mode"},"sceneLighting":false,"audioPlay":false,"sceneViewState":{"showFog":true,"showMaterialUpdate":true,"showSkybox":true,"showFlares":true,"showImageEffects":true,"showParticleSystems":true},"in2DMode":false,"pivot":{"x":-11.686583518981934,"y":0.6399999856948853,"z":23.03445053100586},"rotation":{"x":0.283332496881485,"y":-0.452614963054657,"z":0.15429852902889253,"w":0.8312968611717224},"size":5.529345512390137,"orthographic":true}