{"cameraMode":{"drawMode":0,"name":"Shaded","section":"Shading Mode"},"sceneLighting":false,"audioPlay":false,"sceneViewState":{"showFog":true,"showMaterialUpdate":true,"showSkybox":true,"showFlares":true,"showImageEffects":true,"showParticleSystems":true},"in2DMode":false,"pivot":{"x":-11.819999694824219,"y":0.5499999523162842,"z":22.876998901367189},"rotation":{"x":0.530264675617218,"y":-0.4290332794189453,"z":0.35629355907440188,"w":0.6385959982872009},"size":5.072893142700195,"orthographic":true}