{"cameraMode":{"drawMode":0,"name":"Shaded","section":"Shading Mode"},"sceneLighting":true,"audioPlay":false,"sceneViewState":{"showFog":true,"showMaterialUpdate":true,"showSkybox":true,"showFlares":true,"showImageEffects":true,"showParticleSystems":true},"in2DMode":false,"pivot":{"x":12.214090347290039,"y":-45.992156982421878,"z":13.827446937561036},"rotation":{"x":-0.5092682838439941,"y":0.27823537588119509,"z":-0.17846223711967469,"w":-0.7945956587791443},"size":184.5914306640625,"orthographic":false}