{"cameraMode":{"drawMode":0,"name":"Shaded","section":"Shading Mode"},"sceneLighting":false,"audioPlay":false,"sceneViewState":{"showFog":true,"showMaterialUpdate":true,"showSkybox":true,"showFlares":true,"showImageEffects":true,"showParticleSystems":true},"in2DMode":false,"pivot":{"x":1.9530000686645508,"y":0.5499999523162842,"z":-0.3330000638961792},"rotation":{"x":0.2725716233253479,"y":-0.3690218925476074,"z":0.11417681723833084,"w":0.8811874389648438},"size":5.407369613647461,"orthographic":true}