{"cameraMode":{"drawMode":0,"name":"Shaded","section":"Shading Mode"},"sceneLighting":false,"audioPlay":false,"sceneViewState":{"showFog":true,"showMaterialUpdate":true,"showSkybox":true,"showFlares":true,"showImageEffects":true,"showParticleSystems":true},"in2DMode":false,"pivot":{"x":-11.699999809265137,"y":0.6499999761581421,"z":22.867000579833986},"rotation":{"x":0.33596041798591616,"y":-0.555266797542572,"z":0.26109182834625246,"w":0.7145910859107971},"size":5.798525810241699,"orthographic":true}