{"cameraMode":{"drawMode":0,"name":"Shaded","section":"Shading Mode"},"sceneLighting":true,"audioPlay":false,"sceneViewState":{"showFog":true,"showMaterialUpdate":true,"showSkybox":true,"showFlares":true,"showImageEffects":true,"showParticleSystems":true},"in2DMode":false,"pivot":{"x":-11.699999809265137,"y":0.5499999523162842,"z":23.267000198364259},"rotation":{"x":0.283332496881485,"y":-0.452614963054657,"z":0.15429852902889253,"w":0.8312968611717224},"size":5.072893142700195,"orthographic":true}