{"cameraMode":{"drawMode":0,"name":"Shaded","section":"Shading Mode"},"sceneLighting":false,"audioPlay":false,"sceneViewState":{"showFog":true,"showMaterialUpdate":true,"showSkybox":true,"showFlares":true,"showImageEffects":true,"showParticleSystems":true},"in2DMode":false,"pivot":{"x":1.9530000686645508,"y":0.5499999523162842,"z":-0.3330000638961792},"rotation":{"x":0.3355700373649597,"y":-0.49745652079582217,"z":0.2168252170085907,"w":0.7700108289718628},"size":5.407369613647461,"orthographic":true}