{"cameraMode":{"drawMode":0,"name":"Shaded","section":"Shading Mode"},"sceneLighting":false,"audioPlay":false,"sceneViewState":{"showFog":true,"showMaterialUpdate":true,"showSkybox":true,"showFlares":true,"showImageEffects":true,"showParticleSystems":true},"in2DMode":false,"pivot":{"x":1.9529999494552613,"y":0.6499999761581421,"z":-0.3330000042915344},"rotation":{"x":0.1829538196325302,"y":-0.4574880003929138,"z":0.09681543707847595,"w":0.8647886514663696},"size":2.80635142326355,"orthographic":true}