{"cameraMode":{"drawMode":0,"name":"Shaded","section":"Shading Mode"},"sceneLighting":false,"audioPlay":false,"sceneViewState":{"showFog":true,"showMaterialUpdate":false,"showSkybox":true,"showFlares":true,"showImageEffects":true,"showParticleSystems":true},"in2DMode":false,"pivot":{"x":1.9530000686645508,"y":0.5499999523162842,"z":-0.3330000340938568},"rotation":{"x":0.4951145648956299,"y":-0.4501354396343231,"z":0.3363548517227173,"w":0.6626500487327576},"size":4.991078853607178,"orthographic":false}