{"cameraMode":{"drawMode":0,"name":"Shaded","section":"Shading Mode"},"sceneLighting":true,"audioPlay":false,"sceneViewState":{"showFog":true,"showMaterialUpdate":true,"showSkybox":true,"showFlares":true,"showImageEffects":true,"showParticleSystems":true},"in2DMode":false,"pivot":{"x":-70.29496765136719,"y":-64.22567749023438,"z":15.074142456054688},"rotation":{"x":-0.3210517466068268,"y":0.45831236243247988,"z":-0.1820240616798401,"w":-0.8085436224937439},"size":175.8547821044922,"orthographic":false}