{"cameraMode":{"drawMode":0,"name":"Shaded","section":"Shading Mode"},"sceneLighting":true,"audioPlay":false,"sceneViewState":{"showFog":true,"showMaterialUpdate":true,"showSkybox":true,"showFlares":true,"showImageEffects":true,"showParticleSystems":true},"in2DMode":false,"pivot":{"x":-11.809466361999512,"y":0.03999999165534973,"z":23.250051498413087},"rotation":{"x":0.1537468582391739,"y":-0.7407103180885315,"z":0.181284099817276,"w":0.6283680200576782},"size":4.991078853607178,"orthographic":true}